id,winner_model_a,winner_model_b,winner_tie,winner
136060,0.3333333333333333,0.3333333333333333,0.3333333333333333,A
211333,0.3333333333333333,0.3333333333333333,0.3333333333333333,B
1233961,0.3333333333333333,0.3333333333333333,0.3333333333333333,B
